Função Orçamentária/Ano,Administração ,Defesa Nacional ,Assistência Social , Assistência Social ,Assistência Social ,Assistência Social ,Assistência Social ,Assistência Social ,Assistência Social ,Assistência Social ,Assistência Social ,Assistência Social ,Assistência Social ,Saúde ,Saúde ,Saúde ,Saúde , Saúde ,Saúde ,Saúde ,Saúde ,Trabalho , Trabalho ,Trabalho ,Trabalho ,Trabalho ,Trabalho ,Trabalho ,Trabalho ,Trabalho ,Trabalho ,Trabalho ,Trabalho ,Educação ,Educação , Educação ,Educação ,Educação ,Educação ,Educação ,Educação ,Educação ,Educação ,Educação ,Educação ,Cultura ,Cultura ,Cultura ,Cultura ,Cultura ,Cultura ,Cultura ,Cultura ,Cultura ,Direitos da Cidadania ,Direitos da Cidadania ,Direitos da Cidadania ,Habitação ,Habitação ,Habitação ,Habitação ,Habitação ,Saneamento ,Gestão Ambiental ,Ciência e Tecnologia ,Ciência e Tecnologia ,Ciência e Tecnologia ,Ciência e Tecnologia ,Ciência e Tecnologia ,Ciência e Tecnologia ,Ciência e Tecnologia ,Ciência e Tecnologia ,Ciência e Tecnologia ,Ciência e Tecnologia ,Ciência e Tecnologia ,Ciência e Tecnologia ,Ciência e Tecnologia ,Ciência e Tecnologia ,Ciência e Tecnologia , Agricultura ,Agricultura ,Agricultura ,Agricultura ,Agricultura , Agricultura ,Agricultura ,Agricultura ,Agricultura ,Agricultura ,Agricultura ,Agricultura ,Agricultura ,Agricultura ,Agricultura ,Agricultura ,Agricultura , Agricultura ,Agricultura ,Agricultura ,Agricultura ,Agricultura ,Agricultura ,Agricultura ,Agricultura ,Organização Agrária ,Indústria ,Indústria ,Indústria ,Indústria ,Indústria , Indústria ,Indústria ,Indústria ,Indústria ,Indústria ,Indústria ,Indústria ,Indústria ,Indústria ,Indústria ,Indústria ,Indústria ,Indústria ,Indústria ,Indústria ,Indústria ,Indústria ,Indústria ,Indústria ,Indústria ,Indústria ,Indústria ,Indústria ,Indústria ,Indústria ,Indústria ,Indústria ,Indústria , Comércio e Serviço ,Comércio e Serviço ,Comércio e Serviço ,Comércio e Serviço ,Comércio e Serviço , Comércio e Serviço ,Comércio e Serviço ,Comércio e Serviço ,Comércio e Serviço ,Comércio e Serviço ,Comércio e Serviço ,Comércio e Serviço ,Comércio e Serviço ,Comércio e Serviço ,Comércio e Serviço ,Comércio e Serviço ,Comércio e Serviço ,Comércio e Serviço ,Comércio e Serviço ,Comércio e Serviço ,Comércio e Serviço ,Comércio e Serviço ,Comunicações ,Comunicações ,Comunicações ,Energia ,Energia ,Energia ,Energia ,Energia ,Energia ,Energia ,Energia ,Energia ,Energia ,Transporte ,Transporte ,Transporte ,Transporte ,Transporte ,Transporte ,Transporte ,Transporte ,Transporte ,Transporte ,Transporte ,Transporte ,Transporte ,Desporto e Lazer ,Desporto e Lazer ,Desporto e Lazer ,Desporto e Lazer ,Desporto e Lazer ,Desporto e Lazer ,Desporto e Lazer ,Desporto e Lazer ,Benefícios Não Classificados ,Benefícios Não Classificados ,Benefícios Não Classificados ,Benefícios Não Classificados , Benefícios Não Classificados ,Benefícios Não Classificados ,Benefícios Não Classificados ,Benefícios Não Classificados ,Benefícios Não Classificados ,Benefícios Não Classificados ,Benefícios Não Classificados ,Benefícios Não Classificados ,Benefícios Não Classificados ,Benefícios Não Classificados ,Benefícios Não Classificados ,Renúncias Previdenciárias ,Renúncias Previdenciárias ,Renúncias Previdenciárias ,Renúncias Previdenciárias , Renúncias Previdenciárias ,Renúncias Previdenciárias ,Renúncias Previdenciárias ,Renúncias Previdenciárias
2002,-   ,-   ,37.331.020.00 ,-   ,-   ,-   ,-   ,-   ,-   ,-   ,-   ,-   ,-   ,2.338.917.057.00 ,-   ,-   ,-   ,-   ,-   ,-   ,-   ,135.888.849.00 ,-   ,-   ,-   ,-   ,-   ,-   ,-   ,-   ,-   ,-   ,-   ,1.019.620.193.00 ,-   ,-   ,-   ,-   ,-   ,-   ,-   ,-   ,-   ,3.303.131.00 ,-   ,249.200.000.00 ,-   ,45.000.000.00 ,-   ,-   ,-   ,-   ,-   ,-   ,12.076.384.00 ,-   ,121.539.800.00 ,104.001.978.00 ,-   ,-   ,-   ,-   ,-   ,-   ,151.690.000.00 ,-   ,59.100.000.00 ,-   ,-   ,-   ,-   ,-   ,-   ,-   ,-   ,-   ,2.209.566.00 ,-   ,-   ,-   ,-   ,-   ,-   ,-   ,-   ,-   ,-   ,-   ,-   ,-   ,-   ,-   ,-   ,-   ,-   ,-   ,-   ,-   ,-   ,-   ,-   ,-   ,-   ,-   ,18.000.000.00 ,3.726.979.218.00 ,-   ,-   ,-   ,-   ,-   ,-   ,-   ,-   ,64.901.002.00 ,588.158.289.00 ,-   ,-   ,-   ,-   ,-   ,-   ,-   ,-   ,-   ,-   ,-   ,166.380.351.00 ,-   ,-   ,-   ,-   ,-   ,-   ,-   ,1.450.000.000.00 ,-   ,-   ,-   ,-   ,-   ,-   ,-   ,-   ,-   ,-   ,-   ,-   ,163.510.661.00 ,497.728.00 ,44.752.110.00 ,-   ,-   ,-   ,-   ,-   ,-   ,-   ,-   ,-   ,-   ,-   ,-   ,-   ,-   ,-   ,-   ,-   ,-   ,-   ,-   ,-   ,-   ,-   ,-   ,-   ,-   ,-   ,50.036.461.00 ,-   ,-   ,-   ,-   ,22.195.963.00 ,204.246.454.00 ,-   ,-   ,-   ,-   ,-   ,-   ,-   ,-   ,-   ,610.329.798.00 ,6.260.346.104.00 ,1.798.002.404.00 ,36.743.616.00 ,375.995.910.00 ,35.114.746.00 ,-   ,-   ,-   ,392.148.294.00 ,394.766.812.00 ,-   ,-   ,-   ,2.578.581.021.00 ,-   ,-   ,-   ,-   ,-   ,-   ,-   ,-
2003, -   , -   , 75.494.211.00 , -   , -   , -   , -   , -   , -   , -   , -   , -   , -   , 1.265.570.332.00 , -   , -   , -   , -   , -   , 847.892.964.00 , -   , 158.813.461.00 , -   , -   , -   , -   , -   , -   , -   , -   , -   , -   , -   , 625.631.850.00 , -   , -   , -   , -   , -   , -   , -   , -   , -   , 8.273.653.00 , -   , 291.330.896.00 , -   , 65.804.000.00 , -   , -   , -   , -   , -   , -   , 49.829.515.00 , -   , 174.109.907.00 , 136.944.519.00 , -   , -   , -   , -   , -   , -   , 160.160.000.00 , -   , 100.100.000.00 , -   , -   , -   , -   , -   , -   , -   , -   , -   , -   , -   , -   , 274.034.472.00 , -   , -   , -   , -   , -   , -   , -   , 147.054.117.00 , 154.385.688.00 , -   , -   , -   , 69.972.421.00 , 37.657.965.00 , 1.430.290.00 , -   , -   , -   , -   , -   , -   , -   , -   , -   , 18.000.000.00 , 1.220.400.537.00 , -   , -   , -   , -   , -   , -   , -   , 39.330.607.00 , 217.833.555.00 , 753.182.848.00 , -   , 654.899.078.00 , 687.549.910.00 , -   , -   , -   , -   , 311.619.118.00 , 167.708.101.00 , 6.369.736.00 , -   , 591.196.519.00 , -   , -   , -   , -   , -   , 159.106.403.00 , -   , 1.530.000.000.00 , 18.093.816.00 , 6.062.024.00 , 2.129.572.893.00 , -   , -   , -   , -   , -   , -   , -   , -   , 9.563.269.00 , 151.076.565.00 , 1.261.924.00 , 50.321.414.00 , -   , -   , -   , -   , -   , -   , 2.364.786.075.00 , -   , -   , -   , -   , -   , -   , -   , -   , -   , -   , -   , -   , -   , -   , -   , -   , -   , -   , -   , -   , -   , -   , -   , -   , -   , 36.482.871.00 , 119.323.855.00 , -   , -   , -   , -   , -   , -   , -   , -   , -   , 799.908.359.00 , 6.035.811.384.00 , 1.193.302.858.00 , 40.465.535.00 , -   , -   , -   , -   , -   , -   , -   , -   , -   , -   , -   , -   , -   , -   , -   , -   , -   , -   , -
2004, -   , -   , 44.562.850.00 , 245.037.793.00 , 203.242.667.00 , -   , 14.089.971.00 , -   , -   , -   , 498.696.386.00 , -   , -   , 1.729.162.262.00 , 689.265.882.00 , -   , 1.231.661.659.00 , -   , -   , 964.560.000.00 , -   , 96.165.775.00 , 43.170.573.00 , -   , 293.675.483.00 , 458.901.178.00 , 54.154.634.00 , -   , -   , 990.333.911.00 , -   , -   , -   , 832.623.587.00 , -   , 258.907.856.00 , -   , -   , -   , -   , -   , -   , -   , 15.290.636.00 , -   , 154.616.998.00 , -   , 84.433.719.00 , -   , -   , -   , 28.664.798.00 , -   , -   , 71.920.231.00 , -   , 238.584.714.00 , 130.656.733.00 , 5.178.157.00 , -   , -   , 449.853.452.00 , -   , -   , 245.394.720.00 , -   , 53.100.000.00 , -   , 25.151.049.00 , -   , -   , -   , -   , -   , 228.111.691.00 , -   , -   , -   , -   , 277.588.828.00 , -   , -   , -   , -   , -   , -   , -   , 88.447.640.00 , 95.767.410.00 , -   , -   , -   , 28.423.084.00 , 20.422.802.00 , 1.283.996.00 , -   , -   , -   , -   , 9.746.803.00 , -   , -   , -   , -   , -   , 1.236.229.705.00 , -   , -   , -   , -   , -   , -   , -   , -   , 214.039.118.00 , 882.288.448.00 , -   , 393.897.696.00 , 426.495.970.00 , -   , -   , -   , -   , 126.580.963.00 , 90.952.057.00 , 5.718.219.00 , 43.406.962.00 , 1.252.172.330.00 , -   , -   , -   , -   , -   , 237.880.379.00 , -   , 823.020.000.00 , -   , -   , 2.157.194.452.00 , -   , -   , -   , -   , -   , -   , -   , -   , 50.190.708.00 , -   , -   , 4.392.187.00 , -   , -   , -   , -   , -   , -   , 5.008.689.319.00 , -   , -   , -   , -   , -   , -   , -   , -   , -   , -   , -   , -   , 15.067.346.00 , -   , -   , -   , -   , -   , -   , -   , -   , -   , -   , -   , -   , 86.386.810.00 , 203.144.472.00 , -   , 7.620.205.00 , -   , -   , -   , -   , -   , 44.939.006.00 , -   , -   , -   , -   , -   , -   , -   , -   , -   , -   , -   , -   , -   , -   , -   , -   , -   , -   , -   , -   , -   , -   , -   , -
2005, -   , -   , 89.973.546.00 , 740.577.073.00 , 512.169.738.00 , -   , 7.631.656.00 , -   , -   , -   , 625.509.630.00 , -   , -   , 1.943.016.780.00 , 726.171.076.00 , -   , 944.574.124.00 , -   , -   , 1.398.145.586.00 , -   , 153.579.795.00 , 47.195.255.00 , -   , 1.162.358.801.00 , 618.145.031.00 , 59.896.646.00 , -   , -   , 1.145.902.929.00 , -   , -   , -   , 1.029.671.297.00 , -   , 721.577.275.00 , -   , -   , -   , -   , -   , -   , -   , 17.751.957.00 , -   , 269.972.108.00 , -   , 133.294.120.00 , -   , -   , -   , 68.423.084.00 , -   , -   , 51.624.581.00 , -   , 283.548.965.00 , 159.490.900.00 , 4.936.366.00 , -   , -   , 504.066.845.00 , -   , -   , 126.001.883.00 , -   , 62.100.000.00 , -   , 71.702.823.00 , -   , 141.000.000.00 , -   , -   , -   , 227.682.540.00 , -   , -   , -   , -   , 340.848.612.00 , -   , -   , -   , -   , -   , -   , -   , 116.708.527.00 , 171.127.172.00 , -   , -   , -   , 46.640.405.00 , 24.014.438.00 , 1.220.467.00 , -   , -   , -   , -   , 10.119.189.00 , -   , -   , -   , -   , 19.654.278.00 , 1.517.954.387.00 , -   , -   , -   , -   , -   , -   , -   , -   , 228.775.487.00 , 1.056.463.955.00 , -   , 519.756.319.00 , 762.107.375.00 , -   , -   , -   , -   , 207.711.005.00 , 106.947.250.00 , 5.435.295.00 , 45.065.366.00 , 1.325.730.416.00 , -   , -   , -   , -   , -   , 615.176.997.00 , -   , 1.369.063.482.00 , -   , -   , 2.648.798.009.00 , -   , -   , -   , -   , -   , -   , -   , -   , 104.478.956.00 , -   , -   , 3.311.145.00 , -   , -   , -   , -   , -   , -   , 5.302.921.662.00 , -   , -   , -   , -   , -   , -   , -   , -   , -   , -   , -   , -   , 294.473.096.00 , -   , -   , -   , -   , -   , -   , -   , -   , -   , -   , -   , -   , 35.695.279.00 , 225.597.993.00 , -   , -   , -   , -   , -   , -   , -   , 134.707.373.00 , -   , -   , -   , -   , -   , -   , -   , -   , -   , -   , -   , -   , -   , -   , -   , -   , -   , -   , -   , -   , -   , -   , -   , -
2006, -   , -   , 117.826.000.00 , 910.824.983.00 , 645.693.437.00 , -   , 20.276.875.00 , -   , -   , 223.000.000.00 , 664.438.562.00 , -   , -   , 2.052.559.496.00 , 977.502.960.00 , -   , 1.182.615.172.00 , -   , -   , 1.707.743.631.00 , -   , 206.734.624.00 , 63.529.798.00 , -   , 1.434.658.359.00 , 656.615.624.00 , 63.624.346.00 , -   , -   , 1.217.218.822.00 , -   , -   , -   , -   , 975.806.648.00 , 915.749.665.00 , -   , -   , -   , -   , -   , -   , 265.740.831.00 , 23.247.301.00 , -   , 362.849.884.00 , -   , 126.644.319.00 , -   , -   , -   , 85.216.748.00 , -   , -   , 62.511.868.00 , -   , 191.603.574.00 , 168.129.421.00 , 6.644.870.00 , -   , -   , 535.437.719.00 , -   , -   , 167.339.500.00 , -   , 135.027.000.00 , -   , 89.848.048.00 , -   , 141.000.000.00 , -   , -   , -   , 306.484.745.00 , -   , -   , -   , -   , 498.700.115.00 , -   , -   , -   , -   , -   , -   , -   , 157.102.003.00 , 230.355.246.00 , -   , -   , -   , 62.782.911.00 , 32.325.970.00 , 1.642.877.00 , -   , 4.466.134.371.00 , -   , -   , 18.774.00 , -   , -   , -   , -   , 19.962.653.00 , 2.220.939.152.00 , -   , -   , -   , -   , -   , -   , -   , -   , 220.315.578.00 , 935.149.008.00 , -   , 699.646.897.00 , 1.025.877.014.00 , -   , -   , -   , -   , 279.600.949.00 , 143.962.294.00 , 7.316.481.00 , 83.609.00 , 1.613.192.670.00 , -   , -   , -   , -   , -   , 757.276.950.00 , -   , 1.775.726.335.00 , -   , -   , 3.875.491.421.00 , -   , -   , -   , -   , -   , -   , -   , -   , 29.277.456.00 , -   , -   , 4.457.151.00 , -   , -   , -   , -   , -   , -   , 6.452.770.678.00 , -   , -   , -   , -   , -   , -   , -   , -   , -   , -   , -   , -   , 74.851.064.00 , -   , -   , -   , -   , -   , -   , -   , -   , -   , -   , -   , -   , 44.812.968.00 , -   , -   , 129.807.00 , -   , -   , -   , -   , -   , 165.504.530.00 , -   , -   , -   , -   , -   , -   , -   , -   , -   , -   , -   , -   , -   , -   , -   , -   , -   , -   , -   , -   , -   , -   , -   , -
2007, -   , -   , 241.741.739.00 , 1.212.639.965.00 , 1.085.452.619.00 , -   , 16.193.982.00 , -   , -   , 241.093.158.00 , 957.753.484.00 , -   , -   , 2.271.235.065.00 , 1.882.913.061.00 , -   , 1.638.717.768.00 , -   , -   , 1.947.037.414.00 , -   , 317.726.863.00 , 113.531.814.00 , -   , -   , 1.045.645.979.00 , 91.711.546.00 , -   , -   , 1.299.248.272.00 , -   , -   , -   , -   , 985.909.290.00 , 1.545.388.266.00 , -   , -   , -   , -   , -   , -   , 126.050.707.00 , 17.162.433.00 , -   , 661.259.201.00 , -   , 181.563.954.00 , -   , -   , -   , 108.672.243.00 , -   , -   , 154.227.188.00 , -   , 470.806.695.00 , 331.434.149.00 , 5.920.949.00 , -   , -   , 780.847.690.00 , -   , -   , 190.118.300.00 , -   , 43.764.000.00 , 305.250.000.00 , 124.775.490.00 , -   , 465.875.000.00 , -   , -   , -   , 693.555.080.00 , -   , -   , -   , -   , 559.087.969.00 , -   , -   , -   , -   , -   , -   , -   , 274.762.960.00 , 380.319.767.00 , -   , -   , -   , 132.127.156.00 , 39.437.287.00 , 2.540.764.00 , -   , 4.907.841.494.00 , -   , -   , 22.032.00 , -   , -   , -   , -   , 21.053.836.00 , 2.489.873.818.00 , -   , -   , -   , -   , -   , -   , -   , -   , -   , 987.350.161.00 , -   , 1.223.644.826.00 , 1.693.737.448.00 , -   , -   , -   , -   , 588.422.511.00 , 175.632.233.00 , 11.315.182.00 , 98.116.00 , 2.233.009.670.00 , -   , -   , -   , -   , -   , -   , -   , 1.886.840.986.00 , -   , -   , 4.344.776.676.00 , -   , -   , -   , -   , -   , -   , -   , -   , 87.710.221.00 , -   , -   , 551.386.00 , -   , -   , -   , -   , -   , -   , 8.932.038.679.00 , -   , -   , -   , -   , -   , -   , -   , -   , -   , -   , -   , -   , 97.469.386.00 , -   , -   , -   , -   , -   , -   , -   , -   , -   , -   , -   , -   , 61.314.669.00 , -   , -   , 97.480.00 , -   , -   , -   , -   , -   , 53.471.896.00 , -   , -   , -   , -   , -   , -   , -   , -   , -   , -   , -   , -   , -   , -   , -   , -   , -   , -   , -   , -   , -   , -   , -   , -
2008, -   , -   , 126.226.946.00 , 1.347.196.772.00 , 817.092.780.00 , -   , 26.838.002.00 , -   , -   , 278.547.578.00 , 1.207.004.463.00 , -   , -   , 3.086.253.584.00 , 1.965.056.159.00 , -   , 1.669.635.165.00 , -   , -   , 2.182.687.161.00 , -   , 321.315.539.00 , 1.509.640.238.00 , 120.044.877.00 , 2.794.249.111.00 , 1.854.047.894.00 , 204.257.854.00 , -   , 526.962.983.00 , 1.743.994.090.00 , -   , -   , -   , -   , 1.347.210.420.00 , 1.837.051.564.00 , -   , -   , -   , -   , -   , -   , 325.793.318.00 , 15.054.893.00 , -   , 857.285.802.00 , -   , 141.476.615.00 , -   , -   , -   , 109.059.901.00 , -   , -   , 202.395.524.00 , -   , 242.256.418.00 , 171.974.495.00 , 12.859.567.00 , -   , -   , 827.220.054.00 , 215.901.158.00 , -   , 187.130.030.00 , -   , 2.540.000.00 , 530.293.683.00 , 127.205.929.00 , -   , 267.416.730.00 , -   , -   , -   , 892.267.877.00 , -   , -   , -   , -   , 838.265.275.00 , -   , -   , -   , -   , -   , -   , -   , 289.382.704.00 , 380.979.643.00 , -   , -   , -   , 64.854.275.00 , 8.619.009.00 , 488.907.00 , -   , 5.290.701.881.00 , -   , -   , 24.114.382.00 , -   , -   , -   , -   , 25.374.951.00 , 3.733.177.740.00 , -   , -   , -   , -   , -   , -   , -   , -   , -   , 1.592.027.683.00 , -   , 1.288.753.216.00 , 1.696.676.180.00 , -   , -   , -   , -   , 288.825.679.00 , 38.384.378.00 , 2.177.327.00 , 107.392.345.00 , 3.914.092.789.00 , -   , -   , -   , -   , -   , 545.009.720.00 , -   , 1.850.416.928.00 , -   , -   , 6.514.315.485.00 , -   , -   , -   , -   , -   , -   , -   , -   , 76.078.788.00 , -   , -   , 295.217.00 , -   , -   , -   , -   , -   , 3.763.273.00 , 15.656.371.156.00 , -   , -   , -   , -   , -   , 71.608.751.00 , -   , -   , -   , -   , -   , -   , 68.385.090.00 , -   , -   , -   , 1.087.490.092.00 , -   , -   , -   , -   , -   , -   , -   , -   , 138.012.330.00 , -   , -   , 170.272.496.00 , -   , -   , -   , -   , -   , 196.210.393.00 , -   , -   , -   , -   , -   , -   , -   , -   , -   , -   , -   , -   , -   , -   , -   , -   , -   , -   , -   , -   , -   , -   , -   , -
2009, -   , -   , 151.627.540.00 , 1.483.469.805.00 , 1.015.674.521.00 , -   , 35.733.248.00 , -   , -   , -   , 1.328.714.663.00 , -   , -   , 3.103.810.898.00 , 2.328.723.397.00 , -   , 2.069.050.749.00 , -   , -   , 5.058.017.468.00 , -   , 489.991.852.00 , 1.881.044.358.00 , 21.417.846.00 , 2.776.954.883.00 , 2.041.003.739.00 , 224.854.517.00 , -   , 221.405.999.00 , 1.919.852.486.00 , -   , -   , -   , -   , 1.307.544.122.00 , 2.082.543.815.00 , 146.749.165.00 , -   , -   , -   , -   , -   , 502.673.842.00 , 16.836.055.00 , -   , 1.038.067.355.00 , 27.759.209.00 , 205.172.418.00 , -   , -   , -   , 123.917.820.00 , -   , -   , 261.362.337.00 , -   , 669.304.806.00 , 773.756.466.00 , 14.625.488.00 , -   , -   , 910.634.093.00 , 238.739.167.00 , -   , 257.577.000.00 , 65.000.000.00 , 14.359.763.00 , 1.338.507.301.00 , 151.407.918.00 , 27.759.209.00 , 318.014.648.00 , -   , -   , -   , 730.067.320.00 , -   , -   , -   , -   , 871.283.196.00 , -   , -   , -   , -   , -   , -   , -   , -   , -   , 418.911.776.00 , 406.936.129.00 , -   , 74.368.808.00 , 9.883.472.00 , 560.633.00 , -   , 6.580.662.001.00 , -   , -   , 52.509.487.00 , -   , -   , -   , -   , 27.204.648.00 , 4.468.272.757.00 , -   , -   , -   , -   , -   , -   , -   , -   , -   , 2.083.061.060.00 , -   , -   , -   , 2.148.339.465.00 , 2.086.923.777.00 , -   , -   , 381.391.630.00 , 50.686.215.00 , 2.875.140.00 , 269.288.689.00 , 5.140.959.654.00 , -   , 2.775.471.00 , -   , -   , 436.978.915.00 , 476.795.359.00 , -   , 3.268.811.198.00 , -   , -   , 9.923.645.754.00 , -   , -   , -   , -   , -   , -   , -   , -   , 178.580.532.00 , -   , -   , -   , 6.164.080.00 , 573.830.861.00 , -   , -   , 970.492.221.00 , 41.840.000.00 , 20.563.838.617.00 , -   , -   , -   , -   , -   , 79.183.519.00 , -   , -   , -   , -   , -   , -   , 248.177.722.00 , -   , -   , -   , 1.202.524.716.00 , -   , -   , -   , 495.991.240.00 , -   , 373.500.000.00 , -   , -   , 210.403.921.00 , -   , -   , 203.725.172.00 , -   , 27.759.209.00 , -   , -   , -   , 223.632.457.00 , -   , -   , -   , -   , -   , -   , -   , -   , -   , -   , -   , -   , -   , -   , -   , -   , 9.617.037.697.00 , 5.832.077.824.00 , 2.432.368.950.00 , 24.000.000.00 , -   , -   , -   , -
2010, -   , -   , 197.460.084.00 , 1.854.912.479.00 , 1.269.986.984.00 , -   , 27.243.222.00 , -   , 8.019.109.00 , -   , 1.423.549.191.00 , -   , -   , 3.325.339.605.00 , 2.961.314.044.00 , 951.436.417.00 , 2.587.115.721.00 , -   , -   , 2.507.225.995.00 , -   , 623.096.652.00 , 2.392.024.352.00 , 27.235.939.00 , 3.127.565.340.00 , 2.186.676.570.00 , 240.903.089.00 , 857.894.068.00 , 237.208.439.00 , 2.056.878.372.00 , -   , -   , -   , -   , 1.400.867.642.00 , 2.603.987.285.00 , 349.142.834.00 , -   , -   , 78.643.067.00 , -   , -   , 625.367.277.00 , 21.925.099.00 , -   , 1.319.281.822.00 , 8.173.568.00 , 238.953.301.00 , -   , -   , -   , 154.945.324.00 , -   , -   , 322.739.259.00 , -   , 851.119.427.00 , 451.421.432.00 , 15.010.146.00 , 1.315.674.933.00 , -   , 975.628.901.00 , 260.828.650.00 , -   , 493.950.576.00 , 72.335.358.00 , 17.606.028.00 , -   , 189.318.607.00 , 8.173.568.00 , 1.258.504.920.00 , -   , -   , -   , 928.387.893.00 , -   , -   , -   , -   , 589.083.957.00 , -   , -   , -   , -   , -   , -   , -   , -   , -   , 532.707.889.00 , 517.479.094.00 , -   , 92.453.691.00 , 33.268.466.00 , 386.730.00 , -   , 7.043.857.397.00 , -   , -   , 33.524.772.00 , -   , -   , -   , -   , 31.037.437.00 , 3.021.047.359.00 , -   , -   , -   , -   , -   , -   , -   , -   , -   , 1.891.172.056.00 , -   , -   , -   , 2.731.929.365.00 , 2.653.830.291.00 , -   , -   , 474.137.814.00 , 170.613.389.00 , 1.983.297.00 , 171.927.826.00 , 6.206.516.077.00 , -   , 13.220.849.00 , 721.571.403.00 , -   , 487.792.832.00 , 510.335.156.00 , -   , 3.281.346.001.00 , -   , -   , 6.709.483.826.00 , -   , -   , -   , -   , -   , -   , -   , -   , 156.056.292.00 , -   , -   , -   , 29.362.357.00 , 817.115.633.00 , 1.602.547.422.00 , -   , 1.083.345.519.00 , 46.742.705.00 , 24.826.064.309.00 , -   , -   , -   , 98.015.971.00 , -   , 86.510.021.00 , -   , -   , -   , -   , 36.051.704.00 , -   , 298.240.994.00 , -   , -   , 6.273.581.00 , 1.313.789.030.00 , -   , -   , -   , 1.257.619.749.00 , -   , 424.587.750.00 , -   , 147.243.301.00 , 138.843.400.00 , -   , -   , 473.438.462.00 , -   , 8.173.568.00 , -   , -   , -   , 279.627.285.00 , -   , -   , -   , -   , -   , -   , -   , -   , -   , -   , -   , -   , -   , -   , -   , -   , 8.902.888.161.00 , 5.991.560.523.00 , 3.251.216.463.00 , 38.160.439.00 , -   , -   , -   , -
2011, -   , -   , 205.588.149.00 , 1.789.029.257.00 , 1.141.516.252.00 , -   , 33.120.783.00 , -   , 42.628.808.00 , -   , 2.392.599.590.00 , -   , -   , 4.408.890.042.00 , 2.936.021.268.00 , 1.037.903.141.00 , 2.158.614.364.00 , -   , -   , 2.959.319.355.00 , -   , 465.758.243.00 , 1.936.883.404.00 , 39.617.999.00 , 3.966.858.702.00 , 3.584.003.834.00 , 257.064.758.00 , 590.753.017.00 , 353.525.040.00 , 2.046.813.175.00 , -   , -   , -   , -   , 1.698.445.396.00 , 2.327.185.537.00 , 307.144.512.00 , -   , -   , 35.869.034.00 , 93.101.382.00 , -   , 510.901.338.00 , 15.893.302.00 , -   , 1.328.587.944.00 , 11.205.424.00 , 175.180.162.00 , 30.022.964.00 , -   , 28.086.300.00 , 151.323.143.00 , -   , -   , 351.628.702.00 , 70.985.855.00 , 210.523.501.00 , 742.236.719.00 , 11.924.090.00 , -   , 336.604.247.00 , 1.987.761.444.00 , 8.944.224.00 , -   , 517.313.613.00 , 75.043.510.00 , 3.374.683.00 , 1.673.814.685.00 , 118.764.380.00 , 11.205.424.00 , 1.834.600.739.00 , -   , -   , -   , 945.848.084.00 , -   , -   , -   , -   , 785.864.126.00 , -   , -   , -   , -   , -   , -   , -   , -   , -   , 489.034.278.00 , 603.225.324.00 , -   , 53.597.564.00 , 8.634.063.00 , 299.844.00 , -   , 7.585.212.948.00 , -   , -   , 64.182.710.00 , -   , -   , -   , -   , 25.245.661.00 , 3.289.128.877.00 , -   , -   , -   , -   , -   , -   , -   , -   , -   , 1.720.061.773.00 , -   , -   , -   , 2.046.787.369.00 , 2.524.718.671.00 , -   , -   , 224.325.416.00 , 36.136.713.00 , 1.254.959.00 , 268.628.123.00 , 4.671.829.664.00 , -   , 22.974.890.00 , 527.761.336.00 , -   , 404.556.268.00 , 364.459.061.00 , -   , 4.136.277.000.00 , -   , -   , 8.873.076.838.00 , -   , -   , -   , -   , -   , -   , -   , -   , 276.285.139.00 , -   , -   , -   , 61.979.318.00 , 1.006.671.047.00 , 1.423.740.771.00 , -   , 1.091.370.689.00 , 302.327.955.00 , 18.687.318.657.00 , -   , -   , -   , 180.693.271.00 , -   , 1.639.387.158.00 , 1.661.000.000.00 , -   , -   , -   , 16.622.465.00 , -   , 329.144.592.00 , -   , -   , 8.510.951.00 , 140.513.495.00 , -   , -   , 481.655.675.00 , 1.172.368.021.00 , -   , 148.242.975.00 , -   , 195.287.598.00 , 168.779.429.00 , -   , -   , 69.473.018.00 , -   , 11.205.424.00 , -   , -   , 70.140.000.00 , 252.882.236.00 , -   , -   , -   , -   , -   , -   , -   , -   , -   , -   , -   , -   , -   , -   , -   , -   , 11.250.732.346.00 , 7.187.619.342.00 , 2.641.273.286.00 , 76.599.170.00 , -   , -   , -   , -
2012, -   , -   , 126.710.123.00 , 1.816.693.771.00 , 1.240.262.250.00 , -   , 54.181.296.00 , -   , 47.243.002.00 , -   , 3.546.863.009.00 , -   , -   , 9.715.107.620.00 , 3.149.139.314.00 , 943.127.396.00 , 2.560.377.647.00 , -   , -   , 3.483.855.904.00 , -   , 584.383.262.00 , 2.015.942.273.00 , 87.576.886.00 , 875.960.274.00 , 8.058.460.546.00 , 455.013.165.00 , 608.561.583.00 , -   , 4.029.342.171.00 , -   , -   , -   , -   , 3.437.008.877.00 , 2.454.525.449.00 , 338.834.917.00 , -   , -   , 66.842.839.00 , -   , -   , 733.904.013.00 , 5.521.911.00 , -   , 1.642.590.297.00 , 15.646.736.00 , 151.257.332.00 , 18.825.566.00 , -   , -   , 150.051.016.00 , -   , -   , 279.272.489.00 , 55.854.498.00 , 606.123.827.00 , 991.408.867.00 , 16.357.429.00 , 2.751.530.217.00 , 350.649.402.00 , 2.302.666.527.00 , -   , 128.166.424.00 , 649.108.221.00 , 3.527.662.00 , 278.558.00 , 1.585.028.919.00 , 120.931.831.00 , 15.646.736.00 , 1.863.112.095.00 , -   , -   , -   , 1.022.675.652.00 , -   , -   , -   , -   , 908.348.477.00 , -   , -   , -   , -   , -   , -   , -   , -   , -   , 358.572.277.00 , 704.778.372.00 , -   , 47.032.868.00 , 1.208.259.00 , 102.874.00 , -   , 10.139.991.525.00 , -   , -   , 62.291.277.00 , -   , -   , -   , -   , 30.007.701.00 , 3.801.770.701.00 , -   , -   , -   , -   , -   , -   , -   , -   , -   , 1.481.495.373.00 , -   , -   , -   , 1.500.756.165.00 , 2.949.755.334.00 , -   , -   , 196.849.762.00 , 5.057.006.00 , 430.563.00 , 260.711.785.00 , 6.005.203.334.00 , -   , 84.119.524.00 , 748.259.431.00 , -   , 491.389.902.00 , 429.113.765.00 , -   , 4.225.434.994.00 , -   , -   , 10.256.029.730.00 , -   , -   , -   , -   , -   , -   , -   , -   , 285.246.321.00 , -   , -   , -   , 226.929.083.00 , 1.077.995.433.00 , 2.018.578.071.00 , -   , 1.325.621.622.00 , 293.474.644.00 , 24.020.813.338.00 , -   , -   , -   , 62.146.176.00 , -   , 754.428.083.00 , 3.165.880.000.00 , -   , -   , 20.112.310.00 , 32.281.874.00 , 166.330.000.00 , 152.507.655.00 , -   , -   , 28.799.554.00 , 84.532.677.00 , -   , -   , 518.991.337.00 , 920.280.732.00 , -   , -   , -   , 245.154.618.00 , 162.020.224.00 , -   , -   , 138.310.846.00 , -   , 15.646.736.00 , 140.280.000.00 , 24.121.181.00 , -   , 252.131.813.00 , -   , -   , -   , -   , -   , -   , -   , -   , -   , -   , -   , -   , -   , -   , -   , -   , 11.291.943.754.00 , 7.925.563.549.00 , 2.749.360.124.00 , 1.057.593.751.00 , 414.000.000.00 , 973.862.304.00 , -   , -
2013, -   , 55.377.423.00 , 186.986.341.00 , 2.148.361.513.00 , 1.118.875.504.00 , -   , 140.498.548.00 , -   , 127.303.602.00 , -   , 4.232.148.784.00 , -   , -   , 9.874.206.268.00 , 3.450.713.531.00 , 807.366.174.00 , 2.739.357.300.00 , 305.871.005.00 , 305.871.005.00 , 3.433.259.589.00 , -   , 841.684.036.00 , 2.249.171.186.00 , 74.313.670.00 , 695.136.566.00 , 8.940.052.716.00 , 543.204.126.00 , 42.371.834.00 , 497.209.162.00 , 4.133.355.297.00 , -   , -   , -   , -   , 3.877.782.180.00 , 2.709.855.516.00 , 376.321.144.00 , -   , -   , 70.874.836.00 , -   , 203.760.000.00 , 750.943.828.00 , 23.151.934.00 , -   , 1.241.345.372.00 , -   , 156.822.781.00 , 22.353.586.00 , 22.912.819.00 , -   , 131.393.237.00 , -   , -   , 344.335.765.00 , 68.867.153.00 , 296.055.198.00 , 1.332.667.913.00 , 16.442.301.00 , 635.163.763.00 , 513.013.650.00 , 4.996.219.535.00 , -   , 131.834.105.00 , 549.538.786.00 , 9.799.081.00 , -   , 2.306.231.078.00 , 94.418.426.00 , -   , 2.223.164.180.00 , -   , -   , 347.334.00 , 1.002.046.011.00 , -   , -   , -   , -   , 890.659.009.00 , -   , -   , -   , -   , -   , -   , -   , -   , -   , 385.163.608.00 , 829.457.197.00 , -   , 35.983.563.00 , 5.421.440.00 , 54.818.00 , 90.164.366.00 , 10.644.555.804.00 , -   , 151.504.029.00 , 54.321.535.00 , -   , -   , -   , -   , 31.572.554.00 , 4.493.506.427.00 , -   , -   , -   , -   , -   , -   , -   , -   , -   , 3.145.993.495.00 , -   , -   , -   , 1.943.207.368.00 , 4.184.734.236.00 , -   , -   , 181.542.396.00 , 27.351.964.00 , 276.563.00 , 274.060.176.00 , 8.253.521.385.00 , -   , 24.203.059.00 , 836.732.959.00 , -   , 547.628.351.00 , 501.835.890.00 , 764.360.233.00 , 4.369.701.570.00 , -   , -   , 10.936.109.398.00 , -   , -   , -   , -   , -   , -   , -   , -   , 326.635.511.00 , -   , -   , -   , 58.904.401.00 , 1.170.050.361.00 , 2.036.405.939.00 , -   , 1.332.795.145.00 , 363.107.270.00 , 33.014.085.541.00 , -   , -   , -   , 61.288.487.00 , 969.790.000.00 , 1.442.879.136.00 , 1.157.158.100.00 , -   , -   , 62.277.408.00 , 52.582.314.00 , 176.110.000.00 , 103.537.341.00 , -   , -   , 598.132.00 , 139.296.114.00 , -   , -   , 623.828.006.00 , 1.156.954.108.00 , -   , 198.692.480.00 , -   , 133.045.701.00 , 142.794.725.00 , -   , -   , 217.593.747.00 , -   , -   , 123.479.055.00 , 55.883.188.00 , -   , 242.217.418.00 , -   , -   , -   , -   , -   , -   , -   , -   , -   , -   , -   , -   , -   , -   , -   , -   , 14.850.125.970.00 , 8.867.707.183.00 , 4.305.959.222.00 , 1.467.026.414.00 , 497.891.591.00 , -   , 3.695.248.430.00 , 58.725.156.00
2014, 290.000.000.00 , 60.619.162.00 , 296.681.363.00 , 2.113.978.626.00 , 1.214.304.803.00 , 9.920.945.969.00 , -   , 151.336.163.00 , 255.194.295.00 , -   , 4.595.021.651.00 , 44.750.00 , 153.211.119.00 , 10.724.947.105.00 , 3.724.879.007.00 , 808.262.654.00 , 2.863.824.120.00 , 674.430.273.00 , 674.430.273.00 , 4.187.129.321.00 , 64.100.000.00 , 890.899.301.00 , 2.458.632.054.00 , 73.763.183.00 , 839.177.876.00 , 9.696.699.811.00 , 639.618.766.00 , 43.136.729.00 , 525.903.480.00 , 4.548.901.690.00 , 613.144.308.00 , 24.071.717.689.00 , -   , -   , 4.070.550.915.00 , 2.776.393.239.00 , -   , 400.681.495.00 , 47.819.670.00 , 124.098.701.00 , -   , 20.827.150.00 , 601.118.818.00 , 16.166.452.00 , -   , 1.419.224.443.00 , 4.368.00 , 140.991.653.00 , 21.495.878.00 , 25.407.643.00 , -   , 155.974.713.00 , 1.231.134.850.00 , -   , 373.856.667.00 , 7.065.501.00 , 839.534.999.00 , 1.366.077.798.00 , 18.698.348.00 , 679.367.897.00 , 397.432.846.00 , 5.229.490.716.00 , -   , 137.838.302.00 , 446.874.015.00 , 3.351.425.00 , -   , 5.337.340.773.00 , 114.021.634.00 , 4.368.00 , 1.788.163.476.00 , 18.601.480.00 , -   , -   , 1.078.550.021.00 , 4.580.409.436.00 , 359.919.00 , -   , 9.083.049.00 , -   , 13.540.058.00 , 11.868.826.725.00 , 188.639.105.00 , 5.455.206.00 , -   , 109.763.760.00 , 2.422.241.00 , -   , -   , 364.285.480.00 , 705.103.480.00 , 59.338.445.00 , -   , -   , -   , 109.178.948.00 , -   , 17.992.480.798.00 , -   , 20.693.556.00 , 37.122.021.00 , -   , 95.406.367.00 , 4.629.075.996.00 , 33.801.289.00 , -   , 67.900.525.00 , 1.594.794.420.00 , 951.712.183.00 , 27.522.319.00 , -   , 553.774.401.00 , 345.728.342.00 , -   , -   , 1.281.530.265.00 , 1.573.923.131.00 , -   , -   , 1.837.874.123.00 , 3.557.351.338.00 , 297.569.744.00 , 186.159.078.00 , -   , -   , -   , 103.773.804.00 , -   , 12.355.962.583.00 , -   , -   , -   , -   , 536.761.089.00 , -   , -   , -   , -   , -   , 176.842.408.00 , 4.153.536.169.00 , 2.316.237.600.00 , 66.982.678.00 , -   , 1.347.753.148.00 , 821.955.117.00 , 484.838.957.00 , 386.415.242.00 , -   , -   , -   , -   , -   , -   , -   , -   , 19.426.416.00 , -   , 49.423.850.333.00 , 270.271.983.00 , -   , 63.724.184.00 , 1.018.052.500.00 , 1.533.188.009.00 , 207.409.235.00 , -   , -   , 66.611.596.00 , 56.241.773.00 , 87.400.000.00 , 110.743.008.00 , 95.406.367.00 , -   , -   , 190.864.430.00 , -   , -   , 595.350.861.00 , 976.392.844.00 , 275.885.239.00 , 221.338.978.00 , -   , 81.428.161.00 , 100.980.779.00 , -   , 1.414.214.381.00 , 252.413.621.00 , 164.024.00 , 4.368.00 , 6.616.789.00 , 398.823.143.00 , -   , 253.599.998.00 , 125.808.904.00 , -   , -   , -   , -   , -   , -   , -   , -   , -   , -   , -   , -   , -   , -   , -   , -   , -   , -   , -   , -   , -   , -   , -
2015, 123.426.532.00 , 65.095.650.00 , 262.425.987.00 , 2.889.831.614.00 , 1.351.980.677.00 , 10.707.365.953.00 , -   , 233.199.873.00 , 274.181.890.00 , -   , 5.289.739.899.00 , 51.996.00 , 249.775.990.00 , 11.859.391.307.00 , 4.280.014.761.00 , 993.406.134.00 , 3.448.218.817.00 , 174.848.132.00 , 173.567.503.00 , 4.105.800.301.00 , 70.340.000.00 , 946.517.312.00 , 3.297.777.491.00 , 82.655.698.00 , 745.971.353.00 , 9.748.794.235.00 , 699.609.219.00 , 131.603.207.00 , 635.974.574.00 , 4.988.013.250.00 , 1.345.846.639.00 , 22.392.564.574.00 , -   , -   , 4.410.889.079.00 , 3.335.302.961.00 , -   , 396.941.304.00 , 44.926.805.00 , 68.273.298.00 , -   , 92.664.00 , 970.434.955.00 , 15.817.856.00 , 126.154.683.00 , 1.323.390.560.00 , -   , 141.565.120.00 , 27.836.630.00 , 29.211.545.00 , -   , 172.742.949.00 , 2.039.265.943.00 , -   , 333.072.260.00 , 29.471.502.00 , 282.360.467.00 , 1.810.312.399.00 , 21.142.937.00 , 842.848.742.00 , 630.773.416.00 , 5.917.963.779.00 , -   , 5.910.00 , 526.030.213.00 , 16.023.252.00 , -   , 7.961.640.185.00 , 130.961.094.00 , -   , 1.889.626.381.00 , 48.753.180.00 , 1.127.160.00 , -   , 1.512.973.000.00 , 5.709.646.674.00 , 439.795.00 , -   , -   , -   , 17.641.627.00 , 1.016.384.756.00 , 212.572.933.00 , 4.355.383.00 , -   , 125.797.038.00 , 2.598.370.00 , -   , -   , 301.980.352.00 , 626.435.641.00 , 90.203.309.00 , 46.240.737.00 , 425.712.00 , -   , 168.802.519.00 , -   , 19.837.678.996.00 , -   , 23.674.941.00 , 51.291.009.00 , -   , 104.684.625.00 , 5.332.001.643.00 , 35.968.566.00 , -   , 76.793.938.00 , 5.096.954.456.00 , 1.066.008.272.00 , 21.841.323.00 , -   , 634.664.662.00 , 370.867.332.00 , -   , -   , 1.593.327.484.00 , 904.876.319.00 , -   , -   , 1.523.535.540.00 , 3.160.460.459.00 , 392.654.675.00 , 223.269.576.00 , 233.291.359.00 , 2.147.778.00 , -   , 103.056.932.00 , -   , 16.520.628.981.00 , -   , -   , -   , -   , 1.526.762.257.00 , -   , -   , -   , -   , -   , 214.117.709.00 , 13.274.679.429.00 , 2.776.347.760.00 , 56.884.275.00 , -   , 1.544.620.507.00 , 881.722.046.00 , 622.522.712.00 , 416.866.940.00 , -   , -   , -   , -   , -   , -   , -   , -   , 28.501.009.00 , -   , 55.919.173.736.00 , 287.344.483.00 , -   , 76.794.494.00 , 1.109.219.864.00 , 2.401.758.234.00 , 547.734.866.00 , -   , 124.073.664.00 , 798.346.129.00 , 36.827.638.00 , 3.990.000.00 , 431.275.541.00 , 104.684.625.00 , 1.466.000.000.00 , -   , 294.042.248.00 , -   , 48.234.759.00 , 652.583.913.00 , 1.066.325.606.00 , 348.621.395.00 , 322.711.683.00 , -   , 72.141.435.00 , 120.067.648.00 , -   , 1.535.865.596.00 , 221.933.757.00 , 5.580.00 , -   , -   , 56.868.297.00 , -   , 265.066.946.00 , 523.394.320.00 , -   , -   , -   , -   , -   , -   , -   , -   , -   , -   , -   , -   , -   , -   , -   , -   , -   , -   , -   , -   , -   , -   , -
